1	2	3	4	5	6	7	8	9	10
40.53318672796303	6.541766577504643	10.181388839168575	-0.4664698350132987	14.559627560445719	2.892896690293714	8.079497693614673	10.728480153624732	0.43824898308500343	-1.0979961008760455
42.44231574625921	-15.11105706034455	12.987202693084564	-2.1261213687736387	-3.3782608299056918	1.0899445185891607	3.151598240338449	-3.566989197962773	-2.9463811119669376	-3.191328573971102
23.746359687127732	16.627004498453132	-0.5599501041541374	33.63976127397461	-9.492897143418293	22.837731071739626	-5.394658975256189	4.431890609541726	-2.1205601058105814	-6.471071934403962
34.97196986217966	21.953043938564946	9.964522152137485	7.738500311889501	10.896428123493866	0.03302062620615139	-1.906501555970838	-4.23342366159952	11.184618366115386	0.964232634262343
36.90214787197522	-17.348200087269998	6.763124290626532	7.134062676860116	-1.400843537709652	-5.147443814356503	-10.71337491136135	5.012461996078975	4.074807055502877	2.959028261948837
35.86987056993362	17.646678324252488	9.414466178311336	-0.3789316450159267	12.77516370071572	-1.5918159219493244	5.200911245793788	-3.1476902523546872	0.1991784617106551	-0.5847295840845873
27.846880175051663	20.871958786050733	-0.31514387707131974	30.61561776242065	1.9454331975768837	14.403466331691446	-1.2677380435469794	-0.29017186408559764	-11.455250961400752	-2.528205298173803
33.1403669275729	-20.39383392063725	15.021723852519047	-0.3956046443950674	-8.609121259660501	4.161316512335039	4.912981057194446	-5.665519134236216	-1.1773025998393578	2.360285408895663
32.81472922080864	18.739252326625046	7.802822444732077	3.5317831868842173	4.11970912913773	-1.1613260045416556	-1.1081093658445176	-9.20837617226503	5.006385742033569	-0.557377791265951
33.35926273998548	16.644862611138386	9.558682572639972	-1.919298408077627	10.159983336864432	-1.0598175339662164	4.582939114637093	-5.897733384003838	0.11809360868782817	-0.4787426986578323
34.56691883661214	-3.775978120527855	8.718182241177875	0.7611670652381634	7.103759558312128	-3.0666004546954624	2.0162204185277997	4.722589741170776	-5.011141964589518	-1.5930382580360505
31.833475974702477	18.2358318026746	6.364219448178787	-1.4616712735317035	11.317423567043358	-1.6821945460224885	1.9684998467414987	-4.891114754729909	-1.2679033209929838	0.47026289505295354
27.32478835854934	17.38671243230661	4.8840681826717764	6.924639592138681	-1.741406587624685	1.8527705687150637	-6.915181347357264	-4.581276689715436	13.79918598290053	0.16175054296751282
34.56844272986888	14.444912268561916	11.443666471346702	-2.0611656778039618	9.951339708468947	-2.3515403592021684	5.0461082829242025	-6.613301795258343	-3.5555586799718495	-1.8595183555235943
29.45170277474433	-15.01973232474177	2.2096891103680663	-2.064502132602429	-2.7233660481162967	5.183853266872184	2.366857327033953	9.014965097768702	3.58821840120121	-1.5485433065150058
29.28474975791315	-7.812951560908461	7.247554062686875	4.5723119993282655	-0.7369227802450833	-1.4584115929001544	-0.9448213553574101	4.357367233944253	4.534941363543981	1.646948934671337
34.004108483618126	-4.917078944474693	6.926277489428166	0.540195135624346	10.933257005512365	1.6489097656308191	6.544877808896086	13.83980260978593	-3.785951295539798	-1.0213277528019002
30.31474926681926	-17.694102175452574	13.992910824258045	1.246308455418771	-3.0511639758723965	7.779760151084955	5.590339215739689	6.623928487740155	9.518689046687864	4.208748419022745
30.468433762946102	11.034896861783634	10.768759517692686	-0.0761479641116694	8.646958660885533	-3.4730381386407942	-0.7756163247491404	0.5166841512319181	-2.87659057057522	-1.356806123462552
31.39116549558741	7.484019861872233	8.751877280382477	-3.0788702101884176	-0.22264615416512687	-3.046409434368325	-2.6858177446292615	-2.5731947358316534	-0.8324374062345724	-4.571767096728266
29.74556706127374	10.10442277737045	10.081090915372759	0.5438442614022361	7.83590003500492	-3.420161608842162	-0.8732343164260189	-0.95920137713444	-0.7593861078783832	-2.938509478709875
28.651755301391603	13.962490037595499	2.9065898671303336	-3.119059906266543	0.7801288880862708	-0.2666539411172514	-0.0364447910565967	-1.7849001407900977	4.906913752244988	-2.3271494884309836
30.755299578776246	1.7978940416346127	6.712942288384166	-3.3208861713224653	6.769476962542918	4.783030759486482	6.522266577245874	9.919748276956081	3.695975048239099	0.1269984056943287
17.27883033546042	-20.369501110678755	21.520843806973968	-0.11728803626893466	-9.45049435591056	4.9164448879910125	5.824158133773386	-3.498447965394381	0.4243408549841608	7.60808489861582
27.716795155685865	-2.8652161500027877	2.08971569304124	2.628491925766577	-0.8673041666889569	-3.929824246164501	-7.116654269152993	9.92439284886099	1.3252125115219562	-1.3317994904003425
21.134371837530814	-2.4808010883189886	-7.024211047433867	5.124148476233132	10.887842859775699	-1.9657749343963091	4.006844750535998	-3.207714872898677	-5.48902659480726	19.82770457684582
23.963800789198338	-18.95891911810149	-0.4008435894924546	7.836852852373265	1.1510606983170037	-7.281832563166368	-7.584982272369043	0.5372508019442639	0.47163650565998033	4.181650646420533
29.496235757433563	-17.262185414624486	1.3045611411621696	1.269980106634781	-0.8938616701062982	-0.45567562157431	-1.0322383896647909	-0.3265432639145823	-1.169819040020612	-1.0842158281693441
25.35804377012054	-13.436731766842389	-2.4323408229427463	4.483482554079749	-0.04866091849990511	-5.380759102772417	-6.585696177547092	0.8807493928092385	-0.6193170414180739	1.05226088274121
29.04465380742932	-5.668815699449282	-1.0941673249434858	2.7809395709180165	12.642445703724736	-0.6432075547647388	4.358434079496248	0.2745062174488064	-4.981783387116375	1.2677164493182806
25.928752087720103	17.54379799550292	1.2523741569274303	-2.5341124487854683	4.043664256323856	-0.8188462831346742	1.7898156663185107	-5.9202373517022915	2.732376206803176	-0.6424642615665317
28.214764635502046	10.525771717611644	4.0605281693696815	-1.4995244055540298	8.265607159107654	-3.5396826354878486	0.016247239227100158	-3.118586428024831	-6.348596446980726	-0.6082261449402531
24.641789164886053	3.386855086304136	0.35048382672048217	2.3062731402267445	6.0015293812663275	-6.710038245619765	-3.05392513645861	2.7051041815810835	-10.839423028573666	0.41921441231131296
19.748048335520824	-15.069002091567931	-11.622048477431337	3.5179710132418736	6.449807019494801	1.1108931716070127	0.9177325165325828	-5.238340701256089	3.1132994285296456	-1.326788640875621
24.276439491887395	-13.470098847251045	-10.332261701548598	1.219066273566524	3.3411700594481606	3.260347907348787	2.351986313974604	-3.732133919382119	2.1296632415885806	-1.26943608396471
31.70512900400667	-4.496620464533986	13.911705738775032	-6.431328586864901	-6.2931201660623355	1.495243315760173	4.312963620724339	-6.463674822316496	-4.599841009237247	-3.859951214588012
26.9566349732328	-16.32815164229901	13.581603416364471	-0.4680407822650322	-7.018565723896965	0.9839369804038939	-0.24574609300585257	-4.081142877362218	-1.3800640136522886	-0.20940991941405093
25.700508090810178	2.2729429576866194	12.069696726182887	-2.109403268848451	-5.2135164479624665	-2.2114654913241836	-3.6817728882899963	-2.7301580392433022	1.9435841317558686	-4.429694805306031
21.166063223568486	-14.115218541093784	-10.96176937864103	2.640374761435991	4.330191193338174	0.6584714749190871	-0.172146395132578	-4.109809737202475	0.7804182224680563	-1.1974902152563063
23.916375552648024	13.998882200519017	4.084181399839247	8.439723037333124	-4.224467679059221	-3.7949457411159684	-1.497011013677737	-2.8267212584499184	10.452880527929837	0.6474859082120286
26.01082999984786	16.759247917437516	1.6426107046384755	-1.7323128207661784	2.493787364330808	-0.7129425035500755	-1.1089538736291302	-2.3159650645293324	3.1774894441696113	-1.2890037968124806
21.04767811954657	-15.533355438920523	20.33133584364836	-4.369761188461852	-11.7200379320988	3.910953054479128	5.138522894212434	-5.387948964828518	-2.4460806414181557	2.7803251411612706
24.326623543328292	15.051448575193906	-0.06880208029875225	-0.8987848747050212	6.052061695929646	-2.31676573505636	-0.8955928302699181	1.0291095326299868	-1.8000642101584825	0.1964543576313513
21.26019678332839	-13.30067407558731	-3.133813843467282	2.67023494971518	0.23858545693861663	-3.907074589546382	-5.83152129505388	1.036064142439681	-0.5326054813301921	0.7532811094936832
23.450248801607856	13.096178658219335	1.0970477338701656	-0.7565555962901214	-2.0103131584263503	-2.069185794796258	-4.629101266727249	-1.618482372289227	4.766733214560978	-0.43231479353350005
15.972353374059585	-18.247086305367198	18.359314784293424	-1.4022669081288317	-10.153045005018793	4.971524546005195	6.593003517688327	-2.5435770062630962	-0.43946549896595377	5.112500542102426
22.93417876345825	-0.768959298932411	-0.9575911371345538	-4.100331957991893	-1.464491679116251	-0.7664358963681994	0.5117830398828369	-0.6260341901945304	-5.376999818538974	-0.6946189389608264
20.70006254436678	-7.751207996983677	-0.5710761833505487	-0.4444712751302683	-0.7357321076094192	-1.0214331777699055	-1.2637900875486514	8.800310846850733	-0.5263292161906754	-2.5784195504282006
7.588144364411752	4.773016414324252	-3.9328444765126718	15.418536862973307	-9.05601878919718	-17.108013690780204	16.477149648516196	1.744222247991104	5.478900589897619	-2.4619192341772105
16.91277696897159	-14.194887611576792	-11.840119917579667	3.0733247760895943	6.14383052660644	1.0073167338856872	0.6690331038538389	-6.068027578256357	0.3807750892570512	-2.5557074613636726
9.431048270210349	4.173286994245259	-5.391381639854452	15.762391360290868	-11.860869528032783	-18.430448247460962	17.73938498438129	1.5223790589718318	4.11841018218793	-2.4209631417237043
22.475693743914004	-2.5919165750669824	5.970657094573375	-0.41002007775942406	-3.6378517333371025	-3.3610235273628835	-6.332261766971291	1.2494140882267981	1.0378316843626643	-2.545432017200902
22.06513055195503	-11.425894582617845	-11.01583243097842	0.9814569600500107	1.9475921667805198	3.475611058558928	3.113453238689263	-4.504565495060714	1.8653111477626054	-2.560629579640696
24.032764913516214	-4.383642320362065	-0.5461148488124892	-5.798090361002584	-2.305770577208508	0.608752313965881	2.6227536535492995	-2.2189290585877277	-5.378563269627788	-4.427424032543209
19.956334847640814	-13.062195422260116	8.176748757431655	2.3745557946295066	-3.443518288285309	-0.8213886367053086	-8.020935429016392	2.737376020476654	4.73525349985571	1.3754593426961015
16.79653991816768	-9.916189579022586	-3.8984096676989464	3.245962759824583	1.3619846146264838	-7.199365292960955	-8.076432968218267	0.9024042271006173	-1.8038604206300908	0.9525755120024674
20.43389604947803	12.42992289905044	-3.9859260955596203	-4.611995585141281	2.033012844996639	-1.1691879302688137	-0.0675582171939143	-1.3785504896521106	0.800133505443856	2.272462383494239
22.58422008449181	1.2484562135228463	-0.7652836355619838	-6.330784776913878	-2.461840280638124	-0.00944805269609111	0.44008711234912395	-1.7378666996587866	-3.9269576587720887	-2.6783722802220793
15.581906503461424	-13.887118017683488	-12.22968131701448	1.978430675021671	5.022321664563224	1.6060127251686807	2.1465956945134455	-4.748881004154087	1.325505520733283	-1.804670105122989
21.73400029222435	8.841128407773702	-3.3539795369425414	-6.53994674417487	-2.545314232078961	1.1146167253887371	0.28594561245315314	-0.8574818886458223	0.16709876506300192	2.7367848596303253
15.538170567657012	-15.01404810185191	-9.43807061930721	2.28033410934274	5.128425983517343	0.73086678226166	1.4299498673228885	-3.8597180201741725	2.0337818173757083	-2.2274141444541264
19.757815264494685	-3.0191553394247164	-1.9795783236243756	-2.2785028174616975	-0.8678805363928535	-1.4201836459266108	0.2616770461370331	-0.8040532269953323	-4.896374778523245	-2.771764850729667
15.191853031441235	-14.348518817744504	-1.4507288772939049	7.281350676189158	1.0587919512996065	-8.73566876858011	-9.772986048721691	1.1521846514264233	0.5384560489181771	3.524659835259705
3.502764423220667	-1.0171983616372422	1.3825243281645039	3.749038313329083	7.704606161831209	-0.7286124727087818	2.8662818591027057	-1.3134496760667778	-2.8909314700950204	19.460492268730196
17.89360328033492	5.983352247550039	-5.064693460892156	-5.184950233212811	-1.971323302377409	3.0339629276677313	2.2489695558677734	8.307731624603536	2.4544643862281674	0.4374531272891741
20.697202958009044	6.013918073542541	-7.23897984019893	-5.1548720511435455	0.8080302356547676	5.018603122853625	4.1338787688996925	0.7121780493327452	3.4811638254190687	3.904138549198666
17.12599594328403	-14.277202915523414	15.781688765319375	-2.915331480314821	-8.771571895874237	2.989706125876868	3.2961275612885594	-4.432259628708321	-2.997022841233815	2.3890645767208296
16.48614574010902	-12.114346503605281	-8.429424662413245	2.4665398267915077	1.980045385983404	1.1188916032674814	1.2198884414365225	-3.248607649030982	1.0250531683208242	-1.4629092671954518
19.33668988991496	-2.163201518375318	-2.0666537102921945	-2.133286068719305	-1.8726897944024747	-2.751743084535215	-4.220372570842969	3.207541191164691	-0.23906587385169062	-2.875029422133899
17.761152500139872	-9.373749716052675	-9.964321676383749	-1.2260943215183364	2.183100603800474	3.1956334704859737	2.545789280825791	-2.030083410126091	1.3926263249170645	-1.6513322126282861
19.422200071368813	9.259690008974417	2.3106640429121468	-3.435259918235734	-1.9021638528954101	-2.515792225865607	-3.8423835932913017	-1.3731803557823257	1.8799644835175597	-1.7275740167585563
14.187935623646085	-14.608347337210727	-10.488762240181806	2.4193697621538512	4.861356766755322	-0.038291604886618535	0.646177911465234	-4.139623557932045	0.4595994411404678	-2.9012937737357
17.241254576550045	10.999176231192068	-4.737108335670385	-3.7141069501092234	-4.141119409547881	-1.390361600175768	-2.6931949120665393	0.29374762533576787	2.14800190235956	0.37243752214911213
19.130478821762587	-5.86234521949604	4.1731267631167555	-3.7328642375715573	-4.231759720166221	0.16064936460463092	1.1875531479635266	-1.0848032505031417	-5.277167860672022	-2.2909599002358005
15.680588973904024	-14.513651827530422	-10.143911840895074	1.446558276764616	4.293851415542804	1.2185126060511127	1.4533019442892368	-3.2886366312205406	2.4999002424255226	-2.1794132063689924
25.485102864047047	-1.2003690471430157	1.6402832844172681	3.0308204209234764	13.367171517616896	-0.15930135393645128	4.257964270614099	12.604159928725018	-3.6113248995991554	0.9540098407095837
17.174049931979326	-0.8473709286432898	-6.06571850953499	-6.02218408695009	0.2980773049951263	4.910843765406685	2.735891334094589	6.696062147887082	3.3658205165750803	-2.136750674102771
16.71238476719819	-7.849637775431273	1.2284780037720784	2.4323329748115476	-0.7756644149052767	-3.7917718084295164	-6.637846823327986	3.465357225064297	1.3840426000591883	-0.833078671445404
10.270969205859107	3.6928699447320676	-2.714259086760927	2.379044415346083	0.5118650748699035	-1.2620296684803267	0.30558739476679697	6.716109555011562	-3.4950396217666717	2.376497585808461
14.960143206792976	-4.640062567520028	0.4071972180598713	-0.3723424121128956	-1.435996782051331	-4.448532410323318	-5.659372109012292	-0.6608469801397869	-1.958103415915441	-0.5720201534471617
15.280443505656095	6.7282167239295605	-6.85894874468364	-6.719806020924901	-4.147917489695584	0.33236033433993534	0.3109123972192242	0.45460967891278176	-2.196456082799139	2.518809299986901
21.481690100836172	0.1271596092516673	1.1088461668313454	-1.169495011644535	-1.353602653946311	-5.156468527795548	-5.328763202530554	3.7141667862244643	-2.902203529537126	-2.3009898900102796
18.462924148054952	10.864593417795506	-1.9197522052597402	-2.551124346181478	-4.611807369853066	-0.44480621578705476	-4.357116915370097	-0.9223275477254624	3.8679640315619133	-0.18809145083748272
17.23713116290418	9.728777272347006	-0.9408836174618304	-5.82899427940781	-1.6102571414687044	4.2080585079822885	2.9804098715918266	5.388789887649552	4.51213800352077	0.5818226640241749
11.350875587372656	-13.84108287420936	-9.543578651836013	1.8169038515171978	4.563853161602313	1.2239490511557314	1.5716332731222493	-3.5588701097584896	2.480129858111964	-1.0308847390325142
19.07360081220331	2.303800099643797	5.726141580153708	-3.242845610105085	-3.255025577027406	-0.7921551060871849	-5.317355377515165	-1.606541776403259	3.217297976320055	-2.14636709765518
18.270580061470806	3.947914663051773	-4.794632607128321	-3.8495097526367656	0.6397340935992653	3.37188978336577	3.109818206109891	8.837092537890188	0.5217442024389213	0.25549322865509766
22.088252620947518	-2.6469927843693086	6.7773318749873335	-7.255574747707874	-5.652094800650923	0.16262876102552645	1.6508618425591683	-4.917134010145888	-5.715888787030408	-4.758426949858223
16.38511138267988	11.46438350557028	-3.922179218849148	-1.422580580965137	-5.707307348330863	-1.2960960847135927	-5.273320759910561	-0.852093880670917	0.5789258058331745	1.024962045715166
14.01105485157498	-7.809522693503567	-2.759684164127895	3.3647064813042986	0.1768808290275945	-6.595489582071741	-7.107635822424434	1.1406777369330818	-1.535377382803623	1.9376350565515565
15.152941264713466	4.327084917657605	-6.207533763350986	-6.110902363656335	-3.17487429796947	4.9215431072978175	2.455860049300711	8.068510383012505	3.2195332139709185	2.0827478949344433
15.387510968991783	10.632906025255913	-4.697801018283404	-2.6659722455061896	-3.0426855228775818	-1.2076517615937823	-3.7615372515792815	-3.330220314849733	0.27686350474414134	2.061761332966748
15.577711053753882	-10.111717425826885	-0.5509813190439101	-2.408091446249083	-0.6602913584571979	0.11273323634021586	0.7170395489744553	-0.04038716267716709	-3.8646531109532405	-1.9030166720407542
17.091416484401844	1.0721405325023035	-4.414301505472309	-6.891844165265308	-1.9699064595123619	5.116619900271532	3.5013129937872134	7.244498515940727	2.6799411963893016	-0.8902552170611242
14.178162345201041	-8.353610518960448	-9.077421850315323	-0.9194785233708681	0.6841868099928026	3.146098844601259	2.906927336947748	-2.352265315215704	0.0013793505917113406	-1.5803200094958765
15.657546466974456	-3.9716359080300565	-10.963446495785089	-2.252288891032534	0.06063060460138689	3.8863670241867045	2.5541322974642826	-2.3225183618792933	0.04293725807932387	-0.8396358994731995
13.178816006259835	-14.73962519869734	3.4450795695788003	-2.114320883264342	-3.0974360198723043	1.9351551779750906	0.12182806784925945	-1.31893481113811	-1.043994481132515	-2.1123678475932355
14.471277927241193	2.490222826936572	-6.582125854525917	-5.9328326827820135	-1.5660265876645825	5.215867766405932	3.128715340814496	7.606624518374909	4.415015424707485	0.9469794584326033
15.57148255408452	-15.629262338418286	-7.999949529301549	3.103358040064305	3.8211624743618464	1.7639631951941415	1.8764629607945091	-2.5282300691322552	2.7987720246285765	-1.5368191827193156
14.796798417934248	8.588921083606179	-3.7140137793092087	-5.102764072621317	-4.611606939399266	-1.3749457350168521	-2.186952005162049	0.06834224478556769	-0.9549965698101414	-1.1188299542423026
15.172028106714194	-10.525815956524507	1.1530611550936227	1.5571940558034838	-1.9035732959352316	-3.475942702547677	-6.5236830380018676	2.5545449946638605	0.7889566226265681	0.06814192676902495
13.290301321680717	9.57581765331418	-6.538980505895262	-3.6491575143010895	-5.159847883170608	-0.5830872579254511	-1.8881394366233766	-2.051630272523243	-0.33648147386653326	2.4716704329115977
14.067222709501316	11.586985255859602	-4.963546151566225	-2.6444083130190927	-4.550131593547867	-1.5555624910066792	-2.7708682542847183	0.5633642906816689	-0.7398874731675631	0.7670322990721365
12.88466666308446	9.55914783094201	-3.8369241534949095	-2.54566565631337	-4.032468788704079	-0.8748886296140901	-4.257738244978326	0.458525532724036	2.872930079295608	0.9758965241216786
13.668996990919494	5.373089970381004	-5.275532167182604	-4.5360553631441585	-4.089072361834235	-1.1492493177027692	-0.6841077079306594	-3.778398777939319	-3.2186600112601105	-0.5516849626198143
21.4777768784141	-0.33888817430005425	5.903151075808496	-5.929475181744222	-3.1437198833411526	-0.4117960411404923	1.219891269468976	-4.291278030243745	-3.9066606591411626	-4.250888550507097
13.839470897218225	4.3130655286228174	-5.439823006240996	-6.325172586151586	-1.8467907342118703	2.991234559015893	1.6392660876058727	8.193970207597191	1.2901647446537838	0.7340816455855854
14.699651467633373	-9.055421963356247	-6.956489459102077	1.8305766564328891	1.9783233975440155	-5.25968688342044	-4.881443772019096	3.8572966557503285	-4.347037536210092	-1.4794516868801537
15.217364333507668	8.842869147976575	-4.845657154536746	-5.257702944231606	-2.399799794270226	-1.0522826900614277	-0.22054968356322155	-1.3896589099557182	-2.5081872641434377	0.5228275176866661
16.17989947684366	-9.111753011676182	-10.605984683058352	-1.4429089942586262	1.4794808986923988	4.003517086297175	3.462551642571466	-3.185423327579386	0.9603698406406757	-2.682257660123805
13.465046786084269	7.93082271035568	-5.791720577800142	-5.6298268463521	-4.780183982488893	0.04327738930018773	-0.9768571278069074	-1.860954282249749	0.8040913087750804	1.982350802375565
13.773072990268142	7.755527116684326	-4.372383702441947	-5.2884375514025415	-3.99657621183243	-0.8256497595031662	-0.4718223516742025	-1.8730491203212476	-2.3514122737011927	1.4331470454176545
14.795800307210394	-5.6120493673399166	-0.16014430922699113	-0.4919750530678873	-2.7110734356045456	-2.3344749454668468	-4.628126191357885	3.9782216396827206	-3.07840514420919	-0.82944167589102
10.984911351973297	10.468235772076893	-2.7092004814479624	2.781872867037886	-4.860100441104371	1.597924246373676	-5.057951803250286	-4.183920277253044	2.2054579868589377	2.9548842886372073
8.841225960913171	11.021470215780603	3.6021268763070813	2.1464695321495584	4.340304810644627	1.5499814423528098	-1.778510901175689	-1.2902328084709014	6.478659710901225	1.9922151591792143
11.288255678067184	-11.68976414693836	-11.981351877336056	2.1033809671089667	4.229095436914107	0.5050202696920492	1.2831151308918451	-4.495899849635895	1.0406415137015437	-1.781329838483394
14.732632079479831	0.6906760757087538	-9.705012225168714	-4.122556351595924	-3.552340955129366	2.1980530553028728	1.6797706632512117	-0.7950522340213795	-1.8036546023055737	0.2249480183823963
5.856635594259818	7.102891060466761	-2.815514114116004	9.979043162887768	-6.1836874788384835	1.1802166421356346	0.7384467849808891	-3.5239897458011145	-2.0761134693135577	3.409799513811369
14.025541486300659	3.5901500201309022	-8.589547724280294	-5.577678219488936	-4.391410948514939	3.663827419689961	1.8897703646823298	0.09318936790171113	1.4612555879231983	2.8105626817161338
12.472135136143121	-11.089285093530941	3.283144869429496	3.676705249000827	-1.1066928945875834	-4.131632109697742	-7.584221427364003	4.588883484223293	1.7550822529436063	1.0642001052893384
13.598201128000609	9.865185561280473	-3.9697455302765947	-4.558833819872742	-4.4366349491289165	-0.7750578975723222	-2.6847890261979184	0.15822032456293691	0.9973754641083601	0.7365963366651217
1.5186293289396824	-15.767089349563069	-6.561694391679979	1.6628410615955675	4.582628729088649	4.217864257406649	1.4412768705473349	-4.100858927937542	7.029435317229294	-1.9640201615856325
13.81248206813063	-5.885551649595535	-10.724698254644297	-2.161993959514539	1.1065734130514735	3.4123586834357216	2.9885578199177774	-2.6555122473346575	-0.040903143009080364	-1.21889827113118
12.014877380128269	9.255665009488196	-4.666628211465391	-2.9572409082766122	-4.025636214986382	0.04535787534519414	-2.6155680485280217	-1.612599842565218	0.8518731799535588	2.425214786475074
9.380747297658653	9.42778564267681	-5.945206873727621	-2.363342782459648	-4.844964758880943	-2.043778523121892	-2.545760833948391	-2.3504772882432867	-2.697992313038244	1.3863573726458793
13.866658210176372	-1.1556423960304654	-3.1043769674997965	-1.8393233588507667	-2.125769665360458	-3.4066380081626098	-4.6064902250715	2.3618477676349907	-4.115186661018872	-1.2826247526838563
13.256144593756336	-0.8863359906781072	-10.000625797696655	-4.182384219161182	-1.928731917495549	2.693759299996383	2.5670313156670286	-1.8073270318570145	-0.8586269152941546	0.20017524202097606
2.6084822608202503	8.773187207103044	-1.7803231582162058	12.796735313139726	-5.072816442180655	8.277398432296303	0.4373878262081591	-0.4548388992517042	-3.9028198404473975	0.27480756271917506
6.569008308321503	-12.478780015744428	-6.417403178783884	1.8399421864662864	1.9392453811998989	1.534441310682316	1.0746799922130372	-2.5772735299477993	2.680487993671008	-0.5056390311387051
10.276325761843777	5.022736256346556	-5.274959536571316	-5.333930838267688	-4.145870492492758	1.3279563391416798	-1.5789541851426379	-1.243149681092078	0.7014616671969511	0.9195061962616683
12.75977005979626	3.787115700357047	-7.103834291121838	-5.732211097840338	-3.335595282945165	3.4403429377873063	1.428478331188115	-0.7657956066519096	1.0625639507393423	2.1789607166906095
12.954752480760307	4.203834337847458	-5.70666566928538	-5.673096525899605	-4.255483508341156	0.10362015301099346	0.7861656526362296	-0.9655839602210822	-3.967296531301406	-0.009068566995616919
15.516703801344857	-11.666264036329816	0.23848437083038332	-0.6445115804153195	-0.9509809541054071	0.26093733446552814	-0.5101661673116313	0.526191600653511	-1.0698854984158461	-0.7700092415188549
14.030672562385258	2.3652141841704104	-9.278009642675727	-4.730517105011391	-4.768710867139047	2.9119238192711254	1.9799602133081355	-0.9479661414876784	0.46103244057345194	2.6441069318315806
11.483459147944782	10.853464600096563	-4.50215270427697	-0.23369244135784792	-4.7566293216085525	-1.7032398898922907	-3.522250180978482	-1.9167959508573265	-1.3449398984585474	2.537368254157083
2.129257115663672	4.80524561988259	-5.129194458579408	7.243836426168316	-7.7906312200441015	-11.077434961273154	8.47854807970457	0.5470605936910672	-1.4069664811994542	-0.1272441939985658
6.3921819226192795	-9.400956552310598	-4.485162775289664	1.195877541290458	1.7056390901182	-2.586032828599355	-4.206802524225573	0.9999572640214602	-0.5925293540476951	0.018037643995527458
9.316206039142294	9.645648255975935	-5.410976301455612	-2.082223010551365	-4.391489116027665	-0.9911587239644672	-2.990243674232449	1.4441283815422428	0.3950793855835596	1.7419222749731762
10.0161214201393	4.021471652931739	-5.818289453376216	-5.806160544198553	-4.600306280035015	0.7700041450994658	0.581059258882703	-0.8274177409264499	-2.185394066028383	1.7719753213351235
0.17972425596329417	4.721104683597573	-3.0351321868111585	6.2496696312535205	-4.106450397637791	1.680987958249466	0.49036031898109045	-0.5868275762656127	-3.28495410323731	3.064024324658306
3.6432999085509516	8.027831796005996	-2.9772925145112867	12.222450695693771	-5.974286300228573	6.072251155162403	-1.034778495264244	-2.0176427329718396	-1.4271921375201544	3.736697865595419
10.531035491605282	3.3083150615937673	-8.007556709259585	-3.424505172423528	-3.7810430360469387	1.147967618923745	1.7909777053711484	0.23359993129244183	0.17109024662823935	2.463297645148318
9.307727161271186	6.800020044389025	-5.518901354192021	-4.185336345429187	-3.7258934244781017	-0.3238811626095063	-1.7372657602116888	1.9961664838191608	-0.8972223143916918	0.8957448771982195
4.65546627237043	-10.407914592016157	1.5717875468119002	1.6974293121410724	0.5042903386257325	-1.9680819487478705	-4.945831816331917	-0.040347560682103024	2.229429901391862	-0.6170598721333309
10.296684284311741	8.90449199167706	-6.1959775812925155	-4.468359690415253	-4.039663032566637	-0.8127486523000887	-0.5921569948394956	-0.49591411044853884	-2.5597300540285084	2.00091982538064
11.753844697450697	3.1607694067843926	-2.96007195091851	-5.1441658655664515	-2.8957999202046483	1.0004988028618593	-1.665801060667801	-0.23288101491467966	1.5698366715996674	1.8900476560604775
-3.8705950618074887	2.7807666525393206	-2.14281388532826	7.717109977996322	-5.575665701240351	-8.774917804155693	9.180083272678768	3.7625159873200165	1.736260243239281	-0.709667028778082
7.411337506926452	-10.031658892004845	-5.265601391663137	4.1695136449391095	2.53760411695478	-3.814142192285307	-5.280878526153051	-0.066056716806623	-2.773199884178139	1.5371750695110986
12.622711239432604	-5.969926470951403	-9.376792837010292	-1.3913771299251274	0.9142608805681677	2.3078909275904467	3.135661565773336	-2.470064556181063	-0.5066387780765634	-1.0970466463999875
0.9562227306897465	6.391231007060094	-2.0620186603427744	14.275124158150259	-4.73598687326027	8.453128657479292	-0.5414759173101115	-0.3509439163878652	-3.31502266407487	1.9282057723202874
9.01125318968464	2.9154397037310966	-0.8353776364232314	-5.318854818488892	-1.3432152203040357	5.170855824179681	1.9335313420192148	5.398279575220967	5.962105157446041	1.3748448170782723
-4.261541706935639	2.0587565863598574	-2.063429254141546	8.293824016188669	-5.498106395340246	-9.52402544167745	9.30857295279848	0.7888078906057315	1.6866087673430412	-1.2653647829215053
6.237313385659386	4.885892683957296	-6.438621419495669	-3.6612733248054834	-4.5219044196188065	-0.7835168776945757	-0.21082227924389793	-0.5286975553118191	-1.681613210032461	1.4617924791908985
-10.31943120796592	-3.400829214381222	2.6625509647293275	0.5403807400739475	-0.08945881767986015	-0.1724832622379877	-1.6691326266095756	-0.29769334334062836	1.74792760056021	0.9200711873648477
6.145733273214954	2.5193429991649055	-4.70257157008309	-5.077739243281497	-3.438914258722131	2.749707774992944	0.9579530591876869	5.8911669422897	0.47471807090555684	0.6568217290752725
-11.905285585803103	-2.0699365198290947	1.5680168947653375	-0.12015410517755451	0.3388658267570929	0.4036394395366503	-1.3942096895041518	-1.0046860492565013	1.3169083201573784	0.952037728594916
-0.74741821798081	5.117502808199705	-2.6331412975233026	4.553536478025515	-4.652474484070099	0.7179264550086747	1.1833901794425978	-0.12291072939770538	-4.020759614965824	1.8447441901011956
-3.2203064100388237	0.8886535930101976	-1.5609979633334763	0.6067324964341037	-1.8475663090973524	-1.8119128677887615	0.28223582692462973	0.6531127825901567	-3.499067538224118	1.612199146219595
-6.356210348031948	-7.016695016952027	-5.154926494843611	1.5227908971976756	3.998620756807679	0.6847610229682534	0.3927201754314776	-2.897809427109063	1.2499203791091975	-0.5029736924022392
-1.8071921222400336	7.178819370677677	-3.526883963719947	3.0531538031517083	-4.649495256632432	2.8039520334882875	-0.7515957475313916	5.095585970008312	-5.692391377236333	-2.737683428936139
-7.952070102335868	2.1544399525009403	-1.4113781561165262	3.26602658222309	-2.3526830431067767	-4.292638665767894	4.732958508244972	1.9348720055707767	0.5335683481467851	-0.843045401514579
-7.528276362222098	-5.186902905254516	1.0902525959479592	0.5695680172530895	0.4683752186987832	-0.7145295608629937	-2.558838600703534	0.8247239855662846	0.08189402170130404	1.2007736864468759
-9.94706270377904	2.753155608120158	-0.7344640848666736	5.906690117177451	-2.9958003293215536	5.285298284666051	-1.107774461646984	-0.37472759160399527	-0.9251523557787484	0.5885103163969257
-5.246600433400501	3.8820498317653995	-2.1876527312578626	0.7217987746056852	-2.609052024266842	-2.6643786591155636	1.1234536104607875	1.3870972970189208	-3.5262970894825068	-1.0743874789660415
-14.0303577568155	-2.283988497171831	1.7413210197871853	1.0109508313082267	1.0627103639506588	-0.6301580954746405	-1.555938726270974	0.04750799238836354	0.4979811178513815	1.0469254304128428
0.3359744961086129	6.9484119200396295	-0.9742217427268127	-1.7895025867025642	0.0029748717407531416	-2.0141627695776663	0.08727025202870982	-1.4491166834097138	-1.7237465706013202	1.0448553328134997
-12.384490439312929	-3.0049957729227246	2.6451995297456476	-0.2713099624468687	-0.9588906464248228	1.1920555771960115	0.6636616864230565	-0.7686236093665173	-0.09273036342034595	0.5543014248520517
-10.517331745345489	-4.356985673122288	0.8077709231011012	1.243962792459903	3.291679399378262	0.8788010587152006	-0.8879338526685446	-0.9017119979418586	1.3989103241817646	5.182193638747697
-0.3176866390496425	4.321048693200089	-3.9125023369331395	-2.9233241537303005	-1.799365026599585	-0.3062717427709677	0.5481558179782788	5.822425907332112	-3.270797311973803	0.47013103743952117
-4.842062347429393	3.792021365638706	-2.833715862247734	3.3737127556165434	-3.644053916940318	-5.3121843899876104	3.511185630069083	1.4202599315555058	-1.1008988748392814	-0.7013259532944034
-13.296488690848266	-2.64377782385615	0.8450833338871673	1.0321862013487022	1.4505356202509487	-0.4347528355692725	-1.445885249625208	-1.0820493820002386	0.10617421620361199	0.6080382799892905
-7.541475458742146	0.2874221567427906	-1.5893082123889177	0.2640795225910836	1.9294352107270292	-0.2189485736414352	1.6033324704783767	-1.155466899345749	-2.1054222158081597	5.469891118852816
-12.37113469639165	0.7414311367526426	0.23821393589107953	2.604422620472448	-2.1202243185661906	-4.2566224849141925	4.488392779343628	0.9419527763582124	0.7696712665606482	-0.37280991850176504
-8.331927169437337	2.0189225445236785	-1.4419236948745981	1.6004737717721198	-2.4599899070519524	-3.695720628670675	2.5540486822991144	2.6487635995301573	-1.572676088029623	0.6208509568897032
-12.840101716964872	-2.8666986845884095	1.9387148852534128	0.5421000733208362	0.7947576081464299	-0.10208607107273775	-1.7777027958857223	-0.17587366657927156	0.949187355479653	-0.17887655871539906
-2.4088735048071754	7.5130093929406945	-0.37689010693023567	-2.0034872319932457	0.8833273696261658	-1.1723660440166668	0.0741871861065927	-2.3418824581366	-1.2671426349566965	-0.44742278147665143
-14.207713921747336	-0.07641786023741341	1.0110347874947583	3.855332048506096	-2.647985320600172	-5.043306360390973	5.278489796940272	0.38306047249812586	1.672947729280878	-0.2210293156454092
-7.493610373056967	2.7289196004984797	-1.8913694841575093	-0.5017434481507571	-2.299104325678851	-1.7282026200663407	0.5410409665212125	1.4531700475803946	-3.465111201954421	0.0712886815720726
-14.903425803163143	0.6270262925319003	1.7670116802947133	0.030262161380711722	0.8640997214551143	0.23635902572744927	-0.208018892687942	-0.4155005799923933	0.6421464205213497	0.521334905718209
-13.562186010578376	-0.12087540820284996	0.14029890438370016	3.42986985680855	-1.8936606869513921	-3.8946913705927364	4.134841462873119	-0.19165188405446862	1.98775088837582	0.024167581450801102
-13.872485866254154	-0.15927959704221623	0.6201281324277743	3.381330197046173	-1.5032289242525543	-3.6552069453522806	3.9839876240164047	0.058438961804205415	1.2796624618930479	0.18270118356228154
-13.80073159002566	-0.16807500033963826	0.7145395594901547	2.9759504864877884	-2.1249934113269635	-3.4319007906973344	3.8953750814529307	0.19204121911417726	1.1693698215278392	0.12592996247279986
-12.893511988542043	0.5253861033573468	-0.2606212192525271	2.861048482539851	-2.1814954689356743	-3.686103700012091	3.8866922372316575	0.195525379660133	0.8313571146166074	-0.0739832368300285
-6.690399795954391	1.8236710449614413	-2.3882465394336765	-2.184593793102598	-1.4545494647807822	1.0337789309675345	0.6050917813196691	2.8870652932471663	-0.6043533130406298	0.494720983108479
-4.244638909471264	-0.4619892771735498	-5.437438842481006	-0.8328462382951359	0.8498864996581834	-1.071138307664742	0.8797199386177499	-2.05904823761315	-2.731976514624408	-1.5636892188548903
-10.229189551759921	-4.822899097228782	-2.2327046421666865	0.7672434422236838	2.203123097419012	0.6210355587548928	0.08385192956709828	-2.4062793001671405	1.3440653674930594	-0.30819476880394103
-9.3929796015449	2.341522291538999	0.2915949213124906	-1.320669649814874	-0.576613333682142	-0.1313728351864988	-1.1465654062260415	-0.6896350935853174	0.36209875154600707	0.8043415418212568
-11.233091858235627	1.6463364325059227	-0.8384059482834458	3.4393970200169366	-2.0578304922534256	-4.204198698766706	3.3368156905606132	0.41222482108786773	0.29145746007387924	-0.9432077500598793
-15.856571741353209	0.00862161301383529	1.1867587025230097	0.4141423004119012	0.39959219298218723	-0.030019745086234183	0.1324798046620678	-0.28851190150373224	0.1731111161221838	0.28564393862431586
-11.646009701634465	-4.224937151770476	-2.2057065069294897	1.214072436175689	3.0049346833545645	0.694149463318308	0.5088306224435011	-2.5163464862056295	1.7258435099202811	0.4204288320852713
-11.221722750739708	-3.3378339189041277	-2.0208392767902468	0.518301614884776	1.9141038033265374	0.8804195151574224	-0.016403019741696223	-1.6884236843050242	0.4358980233762869	0.025110088921964698
-13.570944064973203	0.16816055876708294	0.2660705523433016	2.059055948430037	-1.3618618003619098	-2.214104114386604	2.158231917234994	-0.055669999814592544	0.12459740040368648	0.03410837280613265
-7.613786468937544	4.3738313065097145	0.013624998041545456	-1.6994207785875424	0.24647986495721916	-1.3300370979011231	0.17489603689221178	-1.1646134136045798	-1.7205646846372942	-0.7823771417904426
-10.988784457082993	-0.1237868906237197	-0.9656723318954538	0.35595283258516947	2.3856726588764707	0.09899503263626831	1.130870025999803	-0.4146482511614667	-1.2945851503216983	3.014605176511193
-13.620219647551062	0.05558156115459456	1.1118042209400911	-0.47153670768498707	0.24600249232702712	0.8559795650485158	0.1669779324062841	-0.09642847847845555	0.8167621032745458	0.36616896086670236
-8.491581890162625	4.07068070244407	0.012545486360100113	0.0663833367926693	1.3577564855491753	-0.5827872410346755	0.3922976012041689	-0.3084324388990745	-1.3847147530194248	-0.6869501313447627
-9.872859973405836	-0.19470545611664272	-0.30435743569442486	-0.5774139182352451	0.6187309135632699	0.10472705645624725	0.19873991460811405	1.6809435540436526	-0.36821045016610954	-0.45054695035112124
-10.735456172579086	1.132366809155941	-0.9307726935474981	-1.5415004755441533	-0.6948534153063386	0.4045330918715073	0.6514830906322122	1.2178403216546192	-0.6753341060289793	0.5583274181158245
-8.570593460532827	1.5248061558345973	-1.5190854533934917	-2.6110460097121897	-0.7805627272037617	1.0035540550858417	0.4184898649964065	2.6708750777126458	-0.25807395147580053	0.0784651379247725
-12.993669474303513	0.6742617544224655	0.362853763145171	2.481592488323977	-0.7221520005685124	-1.9323776723777342	2.7471977864522286	-0.054962287708443365	0.7984460290341002	-0.10140982647174242
-14.48647000926402	-1.3031294194078418	1.518366497516992	-0.1275342906148042	-0.02925325754160692	0.42323661445273036	-0.06699480134951107	-0.69644918838451	-0.4188129804736867	0.3009003578683619
-13.730412831968016	0.9196479901206197	-0.02045867652305662	2.337382565650968	-1.0073388999325823	-3.23692202785196	2.863871509595611	0.35293328154241493	0.8418341773551483	-1.0252569848330293
-13.449958730526372	1.9307181891391707	1.0189269046563934	1.4886171224137725	0.08733715487541871	0.815336489143147	-0.23469217342254373	0.13693680187923707	-1.1396009451373017	-0.9032096305012067
-11.415936536333366	2.5740922594425597	-0.2038562837459274	-1.4737998637670635	0.2732455483167782	-0.25648637207744374	0.11745226203167035	0.13493773733711964	-1.0059323730155285	0.09320448147000569
-6.354263004024053	4.60807975878229	2.3212217498906753	-2.421522422448054	2.02566408385864	-0.014438167017514832	0.22059318951797152	-1.8145293332760544	0.44907272172164087	0.14023345902066173
-12.713318336189154	-2.8869330543805773	-2.317304017601799	0.21694314340838824	3.0860418357769492	0.8191512896471288	0.7580503951312909	-2.468883688965092	0.7335969568095584	-0.85526578291125
-6.268102828554381	-1.9784661281051832	0.6471888505802379	0.07625895666367331	-0.24213753719442982	-1.5553694442082302	-3.360420601315214	3.2090089403623003	0.010359669893140907	-0.6355325885822878
-13.247191116198143	0.5389839381384504	0.811300136198223	-0.6630821711957452	0.4133923570285848	0.007463007048183908	-0.43696282521015023	0.5509411470442005	-0.5496475705909372	-0.6401212799214901
-11.958065876234658	0.947443155184017	-0.8651086222716039	-1.2901024761245397	-0.1490540687985813	0.3972118386621404	0.37874488413768626	1.525933069509821	-0.7528097693002047	-0.01090821350183557
-14.025892691237834	1.1138725427450142	0.2600883409479365	0.41986860793375375	0.12229784391422434	-0.1066628506762616	0.05640471966455282	-0.43006317307363395	-0.5459717650451618	-0.26638627250633506
-7.920730019671278	-6.353607132793008	5.0791348060815285	-0.5362989179045171	-0.803387496438505	0.779782667844848	-1.2886406061582354	-0.06081731839263824	0.3220936012893188	-0.4704407054127901
-12.889430882419175	0.8767232862037698	-0.1427596060120542	-1.0862098479621904	0.34731644535874756	0.2660724251762795	0.10605240400883904	1.202701008410434	-0.4905672191056003	-0.32606558790936596
-7.028619197824072	3.0370957065801845	3.0040289277101317	-1.1786271061939497	1.650407794715357	-1.137827570315951	-1.3793480880751923	0.15104189166298562	-0.3085610396762162	-1.1462036955342132
-14.224342420400134	0.9524881469636362	0.023159448978711073	0.5718049981324672	-0.025323357445871365	-1.2657896380086417	1.2797617052120365	0.06541988700828259	-0.38942465777551266	-0.6021197493956707
-12.284132192118465	1.5940365619341696	-0.17646099349121339	-1.1526899732846607	-0.06861412958071511	-0.1962520447932601	-0.2163434244412159	0.1083653493557166	-0.9666183367607568	-0.7076886637346257
-12.894377475237677	1.725649433972064	0.3869943626645765	-1.3950784332903072	-0.026106170468792364	-0.19403238294532288	-0.18815336037173533	-0.2143539262868229	-0.6709552700364132	-0.3542471439056724
-12.048179636051064	2.8123790236927966	0.532390559351941	-1.2590248622142974	0.03316753200781726	-0.4894600282323709	-0.3151368518766917	-0.7435489582046172	-0.742763756661972	-0.41374787161885
-8.128738528902607	4.442396932781315	1.4792714112148855	-1.4447051191034486	1.5852459536897847	-0.73011033542426	-0.03879974499815611	0.0535572772500592	-0.4759506545639657	-0.06375023053876967
-9.257696578078406	3.705802493836996	2.398069769726565	-1.4992761996559678	1.575799852965672	-0.6808566156953627	-0.3158349173456064	-1.603238941878685	-0.633639978321902	-0.26965042161584457
-12.917071246603415	2.153112468365088	0.5485442897703697	-0.3963468711716158	0.5825176010870349	-0.6653960246935616	0.031126983847428184	-0.4517898618907988	-1.1987314983899224	-0.33598621115071187
-11.13672614421645	3.5603915698459394	0.4280329585826243	5.163737408060136	-0.16301618767716722	3.435290165691916	-0.7177094760458353	-0.06707758348801325	-2.18433317722624	-0.7829651413371513
-9.342546907262166	3.8003726849791146	1.4247075935002427	-0.8568342549019121	1.0637697605952516	-0.5177321099425256	-0.7063036206835681	-1.4200813429882078	0.24000848131580993	-0.32140335790819846
-11.704852381205166	-5.019941388381896	5.77578123798003	-0.6246005936016664	-1.2529868893053175	1.902622984250207	1.605535769168479	-0.9906158404484601	0.02023222943038621	1.6808959962872532
-10.37670974513475	2.01919298683937	2.3189933631249313	-0.7944511843342069	1.347108352348704	-0.3706515964480135	-0.8160835198205623	0.6214172326616544	0.17030671570976366	0.010438191655523114
-13.683241770396833	1.2126198458799151	0.7183422615879199	1.926658271210268	-0.5315863654242073	0.8893045259838783	-0.19260919407987356	-0.3488517830648555	-0.2629045280865133	0.6520299635181077
-10.021219799096137	-3.6603076026255565	0.4438343573130251	-1.3089935464381168	0.5737900319211471	1.5859811230475098	0.019845782107648882	1.653960454098171	1.0587038785443654	-0.2153897919016499
-10.613636770933637	-0.43230542236764957	1.345785902116522	-0.5115602149299018	1.1420489795714717	-0.19844597676413364	-0.14145379116139706	0.9731323835070561	-0.9542243135119401	-0.4155543068215891
-15.91282464382127	-0.9078507076832792	1.2794648960555475	-0.00018816748509691396	1.2114758389508038	0.6169754957353821	-0.18591690689548102	-0.5764293667865207	0.3193618823854406	-0.21816238689482897
-11.300814909985569	2.0372510400629062	0.07732987953496766	-0.9632698680152517	-0.7835573399172945	-0.24203436693955363	-1.2140998226999848	0.6281397122163963	0.3726048746162698	0.3635674076014818
-11.474341012805747	-5.238073681675258	0.1268750550182505	1.9357885381426658	2.073948779046884	-1.6260535621204746	-2.938222853061396	-0.2596870276075885	0.6408133114418468	0.6064321146677859
-10.97915013193109	-4.061266587985065	0.19407879495099947	-0.516409398007821	0.808230760673964	0.3177388990754918	-1.013610319532769	0.38182953083986304	0.028737942314537628	-0.26022990130406876
-10.634803515347793	0.09586985920329143	1.938818789768393	-1.624840629640233	0.7040145879936981	0.9734633004932719	0.6167464090963277	2.0379681338255047	0.20225827076985092	-0.3174100020032186
-11.585820784076263	-5.572176004294358	-2.84552502689745	1.0986349190922364	3.875421265321222	0.918823495298399	0.28892513856663316	-2.745493667084037	2.0353075424610294	-0.991967525043352
-11.240251364480502	-2.932338112770114	-2.6836448987610777	-0.3353033134987863	2.3008640333686707	1.7992324971055957	1.2936652126757555	-1.8496054069518955	0.9805769232032829	-0.5481415501284957
-12.407942949460734	2.7448660749985647	0.5449632860841341	3.6326410838498813	-0.002968890517203396	2.2882290701638563	-0.3966007550007063	-0.2662534151174477	-1.877975426804948	-0.44458935023880813
-11.06333568836387	0.8037142800040054	-0.5987457887014508	-1.3389134825634714	0.09592537015375713	1.0951038281722953	0.5599465260608139	1.969092548201246	-0.35375425186218146	-0.07809014992045876
-11.487604798865659	1.764121279125193	2.081476112996484	-0.9594732060785199	1.267166695611662	-0.28665520906491915	-0.47059422257019107	0.4433740266874409	-0.3059662608196683	-0.7506207194560811
-14.034875330768172	1.5696883917339088	1.194387294348388	4.325459160299819	-0.8486252219015591	3.648081074278031	-0.9456650000792438	0.08531967568667972	-0.764287802697589	-0.9129556673628495
-11.915954497727089	-4.879357304969678	-3.133659376156269	0.5026747206844354	3.690082378197101	1.4514688694007247	0.35443043399223	-2.9454444387245418	1.5234621481309893	-1.0120409816772218
-11.596588636721831	-1.1599082304711472	-0.6840599123980965	-2.2630618600488495	0.6757462307687636	2.0161574449567627	0.5911639410880662	0.8227752399769543	1.0821460769133817	-0.6884413226064935
-11.880426650696444	0.9865760799131716	-0.34202706625009527	-1.1846598321007413	-0.38424883143568944	0.23788687791340313	-0.090175858539658	-0.35425101430864525	-0.46481724176005673	-0.21620962258523635
-12.462475190331533	-3.8103250717361092	2.8102633337086482	-1.111447540428376	0.5590516574691285	1.9499943881742736	0.41761904647563325	0.7845645770296431	1.1963142015904478	0.028217046486524556
-13.233332977394182	-3.062066202064305	2.1422144350705428	-0.10634639775320577	0.8461574552135411	0.34623255524114066	-2.0663233571140185	0.7094383933044914	1.0878780777676749	0.30737818242160775
-12.353445727161477	-0.9837411764016081	0.4619629999972233	-0.9092568345962273	0.14633340664415206	0.2509383607837894	-0.3579130358551866	1.8259203522933076	-0.3105097864373549	-0.5890122288340838
-13.435037343014974	2.004284261980093	1.6929307873153059	-0.15476896536387288	0.4051819680606989	0.4066119016738803	-1.2953315252169995	-0.7409418774817105	1.7517630885690465	-0.26369359177121415
-13.087176690794388	-3.600167233868299	4.528350422019282	-0.6480949471647791	-1.1180982537167865	1.1441103999682438	0.7037503334594977	-0.3243253349807318	-0.3000944977025934	0.5721007712966277
-11.923669403027302	0.1420437342660072	0.24878662404775645	-1.6119146692436408	0.11161417074378976	0.6082888591821236	-0.09993246755974323	-0.14419732579433905	-0.5433336587802455	-0.3035200901105168
-11.946395141292234	1.4654131853197205	1.199125464152147	-1.296530250662217	1.021350546813464	0.4326710916225995	0.39293558021670577	1.6008513296867113	-0.7114400744472742	-0.6270971162329955
-15.761595280491612	-0.05254479724588099	1.8680388599539985	0.13821240892572204	1.6258847615274956	0.08894248166344938	0.21544852047170782	-0.4653831894947144	-0.42208734606217013	1.9810722084918577
-13.431198969647339	1.5843029373653648	1.5749720271658867	-0.698486462064454	1.0911201298497792	0.05318458151832838	0.2522372557233891	0.2799849263567909	-0.11283379389629541	-0.29425576321455593
-13.401496116249698	2.236682276777821	2.234681696532518	-0.05461268284940202	1.1108140408063656	0.06438502469443691	-0.8472209470087692	-0.4414737806078847	1.4367288377363252	-0.15275101462145602
-12.461825141027543	-2.837893951465789	-1.1350297873220156	0.5429899611018725	2.016760780142534	-0.9455631744624289	-1.3830412689143703	0.46179420714773206	-0.13561932325972095	-0.8500396325208361
-13.492311997537362	-3.4548368949465433	4.471089339895387	-0.41224013376561774	-0.655908547729804	1.4423124776888716	0.868619202454538	-0.7294215268787917	0.06716626738262921	0.8329682500728519
-11.874296740676707	-1.3848305137947594	-1.8810497828299944	-1.1141826167816338	0.901369589817183	1.3889633852120227	1.0221605551397017	-0.5792534224493759	0.6533096414740098	-0.7355914327269539
-13.352533563084108	1.4566160176046032	1.4896408817042253	-0.9851199112643241	0.23156634650453306	-0.025148318385092634	-0.8288906974052799	-0.07474957633146495	0.3632040362215044	-0.8142782733951517
-12.908189899463448	0.09755983455915539	-0.44874631021375433	-1.4877094937875026	0.08996880720926714	1.5468766752627803	0.327694976379111	0.11044026025636366	1.1216520415574223	0.3390236155302763
-13.522561530140605	-1.669729576169635	1.8748667782115187	-0.1084983852052686	0.6863174820944227	0.43001893042872086	-0.8366706057854988	0.9477039485760885	0.9722045397357625	-0.2468842137398168
-14.892179606269869	1.2056819154228664	1.2106498978809004	-0.2950028772971553	1.1971680948852006	-0.2223569165377642	-0.5888866885427537	-0.2661744545854626	0.08322886467350643	-0.32694941873185934
-13.96577855714813	-1.0492919970349457	2.21709913064349	-0.3243021717925503	0.4955857552387835	0.058698539914350846	-1.6177982937340636	0.03128811124651232	0.5444708424319603	-0.4820522812739727
-13.324391724755714	-2.571347650529884	2.261549745130318	-1.1059195580913348	0.4191577122760046	1.6622827995163507	0.5139136414447469	0.9222414533352604	1.1973188094318836	-0.069164403076482
-13.978913261897777	1.768212943892137	2.0271661324992767	-0.051591178361409855	0.5031514443230592	0.8610979267769128	-1.5812532080354766	-0.8419937072854171	2.0700293513767716	-0.7112407943577768
-13.971241405660257	2.3317452545593063	1.7958890625261628	-0.3298729740600051	0.2137601207760173	0.3976366547094396	-1.2592508317911122	-0.49546764527346454	1.5207041860473924	-0.7735435035092705
-13.749225639762164	1.7102004891885378	1.332778064386721	-0.725221523143932	0.5157337344792089	0.09864427949885762	-0.4568058759110911	0.1977165098524716	0.12436744572046714	-0.8856078049684035
-14.153064004445666	0.6205151801301139	1.5023920660969248	-0.49343172695825505	1.0820910372081034	0.149160648667768	-0.35410007765782314	0.792315421319605	0.01763381630159897	-0.47007289522649376
-12.915832913055032	2.065896544440975	1.8996027569167282	-1.2854489823157866	0.9860415809966571	0.2815923312613787	0.40667205136801127	-0.9395532062221835	0.027210181652113974	-0.34004103578259337
-14.044030869979178	1.7099487106063014	1.2845871316415012	-0.8304960057420215	0.6295421580875805	-0.023783231175613838	-0.6344607167108358	-0.19808341073564464	0.1488082958800874	-0.4575080614555102
-14.56008231871337	1.1419227102709673	1.0133528641012706	2.1082780755171617	-0.47249693755002353	1.630748831307737	-0.6150702719208031	-0.5516287544962908	0.44444667590819237	0.7915404344907387
-13.58873408150394	-1.7144891620496638	1.9673883274540278	-0.05059627468319359	0.5019377393414849	0.29937408000047194	-0.8366664938263015	0.7974980698997262	0.9925052453292409	-0.01598073911743735
-13.471967602120738	-0.363537270746624	1.0704088182117826	-0.7584936329211577	1.362854307533628	0.5610077950764492	-0.19713594607587237	1.6664012306334903	-0.25776954575755606	-0.6312649230661411
-13.200240822993761	2.0032403823006346	1.6963578314646863	-0.7492802876472617	1.1753174711397918	-0.5017040134665858	-0.27556014329090506	-0.752011522786419	-0.6131454161739435	-0.6394134187157218
-13.881109917636625	1.7783804576646665	2.2096032659224134	-0.8972253087893743	0.9089966320497301	0.01716072504309977	0.023018484115061796	-0.8610539451658316	-0.12649608079449653	-0.32778972207620427
-15.379618375530383	0.2724518722312137	0.8617133541309712	0.802755234727198	-0.046125595050249935	-1.1714055377928319	0.7647179727160234	0.046398036434729346	0.032931322215621124	-0.0653124774998871
-12.906717097878182	1.5996982459107378	0.6153979231320587	-1.4831873261294004	-0.24350001165529186	0.3597372859930993	-0.4099722702457381	0.18529621396774254	0.11879568042171076	-0.04381841204070596
-14.234379139057722	1.5370612541480981	2.2339470388800313	0.21386304040211426	1.1742520242260615	0.2310216202797551	-0.3652805689749697	-0.42852192475745027	0.8541891206400668	0.10546147480971946
-13.834234030254011	-0.3500543121849862	1.9107192238887563	-0.5960484793708525	0.6317434439448936	-0.15430262435422834	-1.4653345213295357	0.3515789659853005	0.41867713970740356	-0.5953338078927971
-13.228365733188365	1.7376971851512086	1.7698618242995747	-1.1271184831770258	0.9569827838555993	0.30496319887999807	0.31748871319584604	-0.5557959280509689	0.2143291233502103	-0.21816604538750817
-14.31299060759015	-2.3919886408694566	0.2022468869322654	0.6207535037952783	1.7101056666392858	-1.1624413770415556	-2.4460191647804606	0.10213825714416205	0.276183884234394	0.16337276147649382
-15.750719864199105	0.07892873900550322	0.928901723381705	2.4325698524813024	-0.6588520452858772	-3.046195011317812	2.8700695980176634	0.17413079866323314	1.5087917340195887	-0.7634446522377354
-13.456840811393189	-2.206694720516933	1.1386714055755423	0.11932105220345775	0.9873007839620935	-0.33025923986541195	-2.0859335592322235	0.6661531299301628	0.883103211393676	-0.1060185645766769
-13.676195305115204	0.5846988937672551	0.701623970309749	-1.5033931703547092	0.2599497494759841	0.6731170653021408	-0.08166343686934599	0.12828812445408902	0.4752341570592239	0.27842041317294897
-13.712079932152646	0.0049516704075117865	0.3206147232309368	-0.37592948488589023	1.274928575641465	0.391728374439474	-0.05295086305901389	0.8133594898397676	-0.409625256322729	-0.41586886708877785
-14.643830862211104	1.2070217012638882	1.300166560732316	0.04044700140678857	0.10663437066795993	0.5499508392375801	-0.640415847811246	-0.5339820720178262	0.4236819724674538	0.21413697634770287
-13.035249684882533	-0.6060279899412692	0.4235554446690821	-1.2528921511784046	0.1927772592755555	0.5560905137853689	0.09775735022474752	0.04932933971090092	-0.553998377500011	-0.5193410146134856
-13.947777180820808	0.8417097665671879	1.144898606589146	-0.30099341169688415	0.6203827508482996	0.17080224859491552	-0.3989972759753242	-0.04497210968061367	-0.6741326215659668	-0.15121938580844477
-13.640903540952237	1.7054486350781854	1.3724496358365976	-1.5847800819507352	0.6010641042241058	0.4801755631795461	-0.20681760390225332	-0.36826413997496443	0.8194777079243906	-0.3959323539050583
-14.95060231375617	1.2300542742130403	1.2574939500993694	-0.5111684331491058	0.5733572436598036	0.02551064355218322	-0.21128964762338978	0.18860745309404314	0.17535092553260165	-0.2739465211833961
-14.28384889915057	0.9213383108277114	1.4981875149031063	-0.43820031198529935	1.0519961578946713	0.019459915875338112	-0.1758621754054194	0.7432069363049479	-0.6206379705004419	-0.3471737740478322
-13.850174594079137	-0.2726121877744627	1.273864775834078	-0.8084638893623036	1.0669438317178401	0.49973016718684504	-0.002458256272632305	1.2928310338720035	-0.301660273265367	-0.5574644157951223
-13.82405734672928	0.29203794292557744	0.20804160125180038	-1.2431648912602966	0.08032083681969648	0.46255499674534145	0.02459256369750776	0.05246907810530708	-0.38682434219663714	-0.10030750912699006
-14.180049858698982	-1.0228405835644812	1.0630437203137815	-0.38088252665559436	0.5836578560775926	0.13424584326259564	-0.3533152384538955	0.25017268619957955	-0.4240908820858573	-0.19513119425709521
-14.472077357054037	-1.7851553050324795	0.7117610501704473	-0.040424750625532496	1.2316920043407789	-0.09645797949469234	-1.2324960287478932	-0.030260797123001063	0.08075818458530418	0.12994497493168675
-14.162466937928663	-1.1387699580435573	0.7642141781159096	-0.26455555249055246	0.4371191573200407	-0.1798615413918802	-0.7924964692834957	0.30319555177020713	-0.3299408074879031	-0.12264141849358381
-14.056154746835045	0.5459934791613096	0.4278725447777844	-1.3618401220046452	0.2877238622991494	0.6039301860497035	-0.03004061855243865	0.08314138500143281	0.08214672499708162	-0.18584795851572683
-13.932812577725041	-2.4675929656200286	-1.1373304847207335	0.4238232058287606	1.9961834258672284	0.1828587173605666	-0.3216811919841575	-1.5217558144464844	0.8838933538827837	-0.3444814476562422
-13.685672775400148	-1.820250737780615	3.7203822581013335	-1.3413076820377852	-0.7083390720377379	1.2969416692051916	0.5460438988760926	-0.820354094198968	0.13564305062771495	0.32245212845229576
-13.753762159082429	-0.14269202209747256	1.2961104402275345	-0.44674828529861305	0.46979725779646914	-0.36389345765818515	-0.9680283698916404	0.7568482395391491	-0.30428193119355834	-0.528834909906207
-14.667885651076755	0.7406235821092432	1.240274505288663	-0.3409204648420646	1.1115534608719102	0.22857159372257244	0.1821238529914262	-0.09143914535285519	-0.5734505480909285	-0.3496862711332229
-14.438836876769019	0.5864048599160998	0.743299737469115	-0.6733659169418493	0.1527448284146844	0.3933738051112309	-0.04986817741940551	-0.29984712380845613	-0.09156261160287481	0.14415706463706426
-13.885517276505604	-0.6360351670356463	1.4559793868497029	-0.6236382679873147	0.9955982999126197	0.6772687211045716	0.06737294187729886	1.411919508539929	-0.18137107515573533	-0.4151710372311075
-14.932561942151187	-0.06536593284714202	0.46002846915794093	-1.035832003409416	0.24465182522782958	0.7491023282051836	-0.05206598823183304	0.21947837929618594	0.3235746829317356	0.02461341105089918
-14.529465488765034	0.21033626842181774	1.0117133853681852	-0.42389424037728723	0.7257470214123568	0.05654087544980026	-0.2280552338228079	0.6719318869626294	-0.47769682317846046	-0.2711927601949752
-14.890589865967224	-1.268404026926763	1.7126567505128658	-0.6879426174112167	0.23585098105606164	0.9049458707025219	0.3913406148062654	-0.19979400987085807	-0.02417470139236459	-0.2298145633632122
-15.15029950200562	1.2044902560025121	1.0899437758791697	1.7075457106958198	0.0713971525029072	1.4696968177665186	-0.19438278626868288	-0.15355049356484662	-0.9314206721321675	-0.4911088135914134
-14.303762099000867	-0.03688607620709535	0.7783309350211094	-0.5602552054308363	0.3837524287742142	0.20745803701969776	-0.19485940498860882	0.17207528003927935	-0.3072164766442217	-0.21953260493026858
-14.943097368934577	-1.2699825966809357	0.8704768372648867	0.2915122722840397	0.9783647035736641	-0.26446413985632	-1.2146767799456257	0.06260373652662482	0.023586175497862197	-0.06838968253469338
-14.357542760086718	1.0810466932024367	0.8204759520522349	-0.8833245381356951	0.2068118838207796	0.288140201784158	-0.36353495113150786	-0.18071578078658226	0.359282136095279	0.13961231879650193
-14.726887131224176	0.5260972609837149	0.8009716732670081	-0.9538587523307315	0.11764995605816564	0.5908283495781939	-0.3253052508316917	-0.45005936149336634	0.3358073906138543	0.299294412670586
-14.24962414063957	-0.49998074330987063	2.361268056059404	-1.1787305212111636	0.18889441705618248	0.676874481404098	0.47293396895423395	-0.5769280149750283	-0.6404203645616166	-0.4370295828544885
-15.762875576806499	0.44397234510370026	1.319528203358594	0.40923005822762965	0.10426108271598562	0.505038450175632	0.040719383641866086	-0.23742141435995404	-0.24495545348278447	0.056658682880695366
-14.926002458344358	0.925048448726242	0.9504299468237665	-0.6157118675176397	0.22148263157871437	0.11173755934175769	-0.5690185541052452	-0.5495818925953948	0.0898460794661141	0.1867174499693112
-14.477820207874109	1.140708375928871	0.8614952732434443	-0.39962177619957445	0.14399604590023274	0.1891772166443595	-0.28851686100862073	-0.17477488086718357	-0.11400162046759531	0.06344697454065941
-14.960416030583218	1.0599804645095714	1.1067608696129838	-0.6515746533470411	0.5387736682041748	0.11267670032162352	-0.3301121000180802	0.17200109591652538	0.04820864411581663	-0.24683203627247619
-14.645477173081517	-1.5280781844080056	0.7876814951275322	-0.2721934225202634	0.705544984376727	0.48443156181311053	-0.17697751193834993	0.1183304317344502	0.2513876136903118	-0.2531136271757192
-14.029238727916718	0.8800927377352092	0.9351384249818919	-0.48793295032368533	0.9285267994402049	-0.02362693809872124	0.02872527269745583	0.6780490235416263	-0.5682645819158454	-0.3979812944103511
-15.151729872120566	-1.9705612824904015	3.072494015601692	-0.1388825114441192	-0.026274942012173407	0.6909404144910244	0.24718134442201017	-0.3461779470532804	0.02760566427961449	0.436474574344684
-14.538713458829342	0.018502752276163756	0.49972929086682655	-1.009652760946019	0.1929548661836677	0.9641096737875303	0.14812941553316075	-0.00027534582020600747	0.3486225720196986	0.26416347189836514
-14.718398028558287	-1.165440000476144	1.9709884005727911	-0.5368589871768826	0.7594898331134712	0.4015848621119341	-0.08643352325979323	-0.11238618940122717	-0.4029960086534765	-0.6082969854491761
-14.272883115116425	-0.21081846025942377	0.4143300365733693	-1.4394977510887301	0.6521390767497844	1.255200304142815	0.5141176093135236	0.9641511788893903	0.354086924752912	-0.41656059696539066
-14.859334627210771	-0.4825676120608306	1.7041435387590713	-0.7034214265417582	0.6715430148677886	0.5758703979300349	0.2661118344987039	-0.266801137766687	-0.586786675699415	-0.2733908035106719
-14.773978462662823	-1.154741332638235	0.6706443583020119	0.12850295855631716	1.9818411219808925	0.6323505752715171	0.34390865658083214	-0.5117079291890015	0.14987359662773128	-0.1656805423884865
-15.14500500600187	0.8045647776180611	1.2138027203751058	1.5319376432216643	-0.0089853429644631	1.7565218488316958	-0.4720929802575369	0.11174307774215066	-0.6826637532281133	-0.5639184865430367
-14.306359707226255	-0.005400460129393128	0.8990193839657934	-0.5632975487598397	0.5242290944241339	-0.10379342713972267	-0.5347934339042819	0.775812802671389	-0.2964526163459342	-0.4597071490802977
-15.078225917606648	1.3561997980222	1.923597205344194	-0.03597879454113316	0.4659621088254848	0.4317638476848609	-0.738732322873495	-0.8378505268035323	0.7876575858288957	-0.5444453333565846
-14.994217228239751	0.9830616964073716	1.83270948904732	-0.8172625259560371	1.2470509030511838	0.0732641589315674	-0.15286071498423917	-0.6661368027356344	0.02930888070537112	-0.24840716885885833
-14.42719831091512	0.7641148518407458	0.6585024195214739	-0.7519607884768548	0.1336997883073696	0.3707494442940566	-0.24808942755002672	0.22690551829058672	-0.09847857224118246	0.02139806140498483
-14.657283564201235	-0.7127210732643864	1.2895728947577845	-0.364482584556047	0.36827873855741083	0.041703942019449866	-1.0613249760514103	0.006355520103644369	0.23119467368019614	-0.20601052486096813
-14.922392258341175	0.9551516152747035	1.2384970061922669	-0.48076193131024464	0.2925920236983015	0.11150661327233018	-0.376587378296592	0.13454738179027761	0.05259153142246383	-0.2420730973413426
-14.739090804559481	1.0748048207649445	1.1472555417614567	-0.9308740296915039	0.3369257734461824	0.23617464295236054	-0.49686004173067	0.09846700812677102	0.1662488882683565	-0.2596322802609596
-15.195450410260744	0.7859140197706093	1.199669459745079	-0.7885565136553719	0.4906245014269772	0.2933446935843132	-0.3400292988635586	0.4235927508881339	0.18357282934927005	-0.46939343511421033
-14.761980048508581	1.1388058221166457	1.6632098957161394	-0.091465350459754	0.9553535425496537	0.11627124770017405	-0.2271023068254514	-0.36653407996643966	0.04750432759523691	-0.19887308180909333
-15.445869475382123	0.8092011758620198	1.9890333044912094	-0.4796264761819251	1.126197804898062	0.056879429165734505	-0.3043874363237758	-0.266950316267647	0.03802915165866682	-0.6495690624077588
-15.684745951823563	1.0811682898095625	1.5072546953290704	2.0058952944232904	0.17236434108993123	2.0330125184249024	-0.5183981804537441	-0.13900242031037255	-0.3844088329368264	-0.7321756636131042
-14.55490318057079	-1.5281163724200009	0.9965432399948968	0.1607380523735736	0.8661951483076541	-0.4983178528618633	-1.099378486152862	0.09537209100894654	-0.008954424468903353	0.04157837642116678
-14.675885783233223	-1.165607154377022	0.7349753985924586	-0.21035679335804855	0.7271202214858616	0.30675128674672486	-0.22304875310916084	-0.14803662194247424	-0.26913836030214744	-0.20530630011835618
-14.86596937261495	0.6467908719447123	1.4343745944301938	-0.6650839133010588	1.0403652572398725	0.2571226244478707	0.17447356659778684	0.6022156811765039	-0.38354139810434523	-0.44481040588351795
-13.982220095545989	0.04078396512367222	1.106044389051387	-0.5669220746533911	0.5464323245356464	-0.17294125334758526	-0.5719192743446456	0.9326907149037843	-0.6091376842813145	-0.3242855866441736
-15.109731861692849	-1.324276162076303	0.8530503978406536	0.07334571261631806	1.2637784893378161	-0.22209363283254313	-1.236512908361138	-0.06439611803639088	0.04593419565569029	-0.1098912091972393
-15.295359018582152	-0.8752151079667817	1.5044351530920337	-0.2986295409146995	1.1096640191443021	0.36774100756973926	-0.5368373551811114	0.5384683596246326	0.33276585242613665	-0.30217883585193944
-14.738799542516425	-2.862484169821801	-0.9268206571699262	0.5411613979530772	2.5539326854089555	0.9009601217584772	0.5587860000711364	-2.0692118740777867	1.28410100043143	-0.6907558875189204
-16.097160930734074	0.23773246039931617	1.1995859763251593	0.6327363778284592	0.1917746155970859	-0.6281428775330579	0.980865113409732	0.007517194285077317	0.37601322095949935	-0.19314392975899614
-14.623663656294902	-0.13811130961683302	1.7890036557423759	-0.7367561718875284	0.11224576533676926	0.2993752245716677	-0.015400413664983178	-0.540335456126437	-0.6555076556827891	-0.5067375848234309
-14.547610030822737	-0.9568561178902272	0.7057677135131115	-0.7309825481343878	0.5281730797192429	0.6544769225162693	-0.16087813875529916	0.41034305224580675	-0.036845684309607024	-0.21558328872806307
-14.75570945950505	-0.1777266940827524	1.1867804560427297	-0.3856486783695462	0.47242116539633766	0.26522603004830814	-0.10730593185836976	0.12875998742044825	-0.38159860979816856	-0.16504151861461658
-14.93568485564472	-1.5980926636634998	2.1186621607476477	-0.14687276386394038	0.6411821225375505	0.25968913935125115	-0.7483941395117264	-0.3928569959680705	0.32121867523090974	-0.4609135583002348
-14.756124932752606	-1.951298236234378	1.1537382139122856	0.16370033297115194	0.9923829059182885	-0.32724696555645016	-1.588620575351362	0.3761963962722157	0.3754780228959754	-0.3093853483319977
-14.621152114649842	0.5280286535549172	0.9379838211775406	-1.2147953987280444	0.40340349267801895	0.6507750443262406	0.2310051283498793	0.14954430293858323	0.15170553901439104	-0.05230897993710043
-15.215582265617252	-0.40885563533173136	2.111730053839499	-0.06754046174177364	0.4646666443648222	0.03328445123301789	-0.78771303730742	0.025986408838277693	0.01800941004465122	-0.5538504266021346
-15.408361147934844	-0.5329137522324987	1.7450674090220137	-0.4116925701872898	0.7112155758612181	0.24414250414579294	-0.30962934131160563	-0.2291632970605764	-0.23472181129239164	-0.6483415512070346
-14.996890323581578	0.4539389432446335	1.1589319042334834	-0.7201472449113018	0.44046733626470985	0.24998070934951416	-0.44448175668288276	-0.29706627806132446	0.03621543056224215	-0.12088309047915201
-14.95946049272381	1.1778840828733326	1.6598396089261898	-0.6023561791102586	1.1555008070812585	-0.08590419072800846	-0.43158864898676697	-0.5096306423420418	-0.048788247100258315	-0.10865464883674669
-14.926447002344233	-1.6147634198169731	0.5536922936985728	0.3110343038515157	1.4456383875825927	-0.4422088918124934	-0.8871230314733234	-0.08401325164593043	0.13663405959940783	-0.13794364408982782
-14.921773043598149	-0.3738896774190524	0.7476512732844871	-0.26586401001479415	0.7869837035751798	0.09252205543105323	-0.9003031263746772	0.06644685533320943	-0.01706025279476891	-0.4020100111288797
-14.842861054524775	0.13614846157940552	1.3879756303375832	-0.9686769810338424	0.8347728402470247	0.6120815375495473	-0.10241232061980036	0.8785532906450373	0.47116893041748803	-0.42175747181506307
-14.62222068433202	-1.4567201193327355	0.5367590137624927	0.34617826855356093	1.0532733903038827	-0.5855720254841887	-0.9892553607263548	-0.12710595694800172	-0.051046334693286184	-0.0331204804647229
-14.969750884346487	1.1575765073396773	1.3895721234572092	-0.4180865174845083	0.7427691045281825	0.08380792077793356	-0.16310237734808963	0.4266087889897405	-0.019987833615303936	-0.4635574787837093
-14.799351120147726	0.25226229401253475	1.3025174138007733	-0.4140007221477685	0.753707757406279	0.1304590907493858	-0.1504783081055593	0.7293734328183681	-0.5559576480466696	-0.588107083957747
-15.0216001184504	0.1159218320525162	1.5720209189859726	-0.4504613997847955	0.910820639155569	0.38477458362734884	0.13428750411394103	0.6078813136513929	-0.22472272324781725	-0.6185837134742853
-15.296530686349177	-0.565034228554124	1.6173594144229178	-0.033503086730876576	0.7546646665103773	0.05279466807105744	-0.6177284544260184	-0.17483060475437506	0.020192292503278905	-0.025421161070649494
-15.359032247538865	0.6914117855185785	1.6935123806703898	-0.7347118712665262	0.8954616365785079	0.17295401871001786	-0.19917276487427985	-0.7263923062320841	-0.12264465486193364	-0.6719267913856286
-15.092700407428678	-0.15723629642180995	1.091114573284353	-0.4581947727909817	0.333372762364912	0.3340878330548117	-0.02329418694450316	-0.00939893165329633	-0.3141096529656725	-0.093278510557882
-14.701549375429577	-0.7598781008883773	0.6848275886365326	-0.15169172816399362	1.2080395497983614	0.5688009739144579	0.10387369614513309	-0.37184130614778393	0.323609288595261	-0.5415798620219786
-14.307492745442989	1.2890196135032832	0.6866133449000674	-0.9714550801591274	0.2995797956326959	0.152306558504725	-0.5892701189900682	0.38062067846328895	-0.008543132158341028	-0.34782245505510867
-15.476699904845647	0.5371124998242541	1.6811935976106998	-0.47554727750588494	0.9522186703462585	0.0320118941707639	-0.46721525761130184	-0.24088807426229022	-0.05596228473820897	-0.47375207614725773
-15.035909058952324	1.3312169245977352	1.6408453353782528	-0.15725856841854202	1.045997108165589	0.009576514660534382	-0.2375095800587198	-0.6785629981185128	0.36190968945837576	-0.4477363620938437
-14.786014861762794	0.7961528089702739	1.3539551401301515	-0.5066744003851869	1.0330057814200442	0.19270018777378164	-0.23054664289086382	1.0504728769309966	0.05737345789906369	-0.6595314716606865
-14.892396606230191	-0.49331660392577	0.11059171905022361	-0.6065820472124756	1.075964460864829	1.0149874240618662	0.33006934814664657	-0.5350831359135126	0.4676373445741721	-0.1457207230477987
-15.303064933406326	0.982457373246061	1.5531832878260823	-0.5852434500143188	0.9071336760255888	0.07794568653607091	-0.13356071630982547	-0.2426758751377118	-0.07745020437843587	-0.27430294157268215
-15.103910275343988	1.1393854647671569	1.4856871457261422	0.14488755962461572	0.5684117606927578	0.10490295987931897	-0.40505497864561735	-0.34350022512845707	-0.11003964887505915	-0.3610088623702738
-15.131187514922301	-1.00404575170917	0.7941891387319711	-0.1084940197720597	1.6108458258335239	0.37224901238298264	-0.19652970486965657	-0.46483075620982245	0.5466124837226838	-0.5531876849994429
-15.189569713415793	0.07747074586398037	1.6994889549293766	-0.6418542655126163	1.1503760930004328	0.5285124463468929	-0.04920828134070162	0.5475299818546798	0.21278527729923002	-0.5665948930519702
-14.99989765380895	1.3196017594824807	1.4818756892298175	-0.6766098799812429	0.9772707841829491	0.11603295964986349	-0.23852880760921388	-0.13014298320035067	-0.055880651862798454	-0.38430045062317014
